station_id,deployment,type,project,date,gmt_time,lat,lon,sample,depth_m,temp_c,sal,AveragepH_25degC,pH_Stdev,AverageTA,TA_Stdev,AverageDIC,DIC_Stdev,sample_notes,analysis_notes
,ru30-20210226T1647,deployment,NOAA-OAP,2/26/21,16:00,39 20.948,74 11.640,210226-RU01,0,4.16,31.97,7.8036,0.0003,2187.9,1.414213562,,,updated sampling time to 16:00GMT and salinity from original value of 32.29 to 31.97,
,ru30-20210226T1647,deployment,NOAA-OAP,2/26/21,16:00,39 20.948,74 11.640,210226-RU13,0,4.16,31.97,,,,,2024.7,1.64,updated sampling time to 16:00GMT and salinity from original value of 32.29 to 31.97,**The original value was 2018.1
,ru30-20210226T1647,deployment,NOAA-OAP,2/26/21,16:00,39 20.948,74 11.640,210226-RU02,0,4.16,31.97,7.8049,0.0016,2191.1,3.252691193,,,updated sampling time to 16:00GMT and salinity from original value of 32.29 to 31.97,
,ru30-20210226T1647,deployment,NOAA-OAP,2/26/21,16:00,39 20.948,74 11.640,210226-RU14,0,4.16,31.97,,,,,2027.4,1.41,updated sampling time to 16:00GMT and salinity from original value of 32.29 to 31.97,
,ru30-20210226T1647,recovery,NOAA-OAP,3/21/21,14:20,39 20.000,74 10.000,210321-RU03,0,4.97,31.72,7.8103,0.0003,2176.35,1.060660172,,,lat/lon and time are placeholders for now. Change salinity from original value of 32.44 to 31.72,
,ru30-20210226T1647,recovery,NOAA-OAP,3/21/21,14:20,39 20.000,74 10.000,210321-RU15,0,4.97,31.72,,,,,2018.1,0.55,lat/lon and time are placeholders for now. Change salinity from original value of 32.44 to 31.72,**The original value was 2024.7
,ru30-20210226T1647,recovery,NOAA-OAP,3/21/21,14:20,39 20.000,74 10.000,210321-RU04,0,4.97,31.72,7.8095,0.005,2176.75,0.494974747,,,lat/lon and time are placeholders for now. Change salinity from original value of 32.44 to 31.72,
,ru30-20210226T1647,recovery,NOAA-OAP,3/21/21,14:20,39 20.000,74 10.000,210321-RU16,0,4.97,31.72,,,,,2016.5,0.22,lat/lon and time are placeholders for now. Change salinity from original value of 32.44 to 31.72,
,ru30-20210503T1929,deployment,NOAA-OAP,5/3/21,19:34,39 26.09,74 14.763,210503-RU05,0,13.21,31.69,7.8032,0.0026,2161.3,1.6,,,surface,
,ru30-20210503T1929,deployment,NOAA-OAP,5/3/21,19:34,39 26.09,74 14.763,210503-RU17,0,13.21,31.69,,,,,2140.3,2.1,surface,
,ru30-20210503T1929,deployment,NOAA-OAP,5/3/21,19:41,39 26.09,74 14.763,210503-RU06,14.4,10.44,32.08,7.7368,0.0068,2191.1,2.4,,,bottom - 49ft bottom depth,
,ru30-20210503T1929,deployment,NOAA-OAP,5/3/21,19:41,39 26.09,74 14.763,210503-RU18,14.4,10.44,32.08,,,,,2040.5,1.6,bottom - 49ft bottom depth,
,ru30-20210503T1929,deployment,NOAA-OAP,5/3/21,19:45,39 26.09,74 14.763,210503-RU07,0,13.21,31.69,7.7959,0.0035,2159.3,2.5,,,surface,
,ru30-20210503T1929,deployment,NOAA-OAP,5/3/21,19:45,39 26.09,74 14.763,210503-RU19,0,13.21,31.69,,,,,1949.8,0.8,surface,
,ru30-20210503T1929,deployment,NOAA-OAP,5/3/21,19:50,39 26.09,74 14.763,210503-RU08,13.2,10.44,32.08,7.7424,0.0068,2180.5,3,,,bottom - 45ft bottom depth,
,ru30-20210503T1929,deployment,NOAA-OAP,5/3/21,19:50,39 26.09,74 14.763,210503-RU20,13.2,10.44,32.08,,,,,2001.2,1.7,bottom - 45ft bottom depth,
,ru30-20210503T1929,recovery,NOAA-OAP,5/27/21,14:10,39 27.043,74 12.580,210527-RU26,0.869,15.833,32.061,7.7103,0.0031,2210,1.8,,,surface,
,ru30-20210503T1929,recovery,NOAA-OAP,5/27/21,14:10,39 27.043,74 12.580,210527-RU40,0.869,15.833,32.061,,,,,1993.2,1.8,surface,
,ru30-20210503T1929,recovery,NOAA-OAP,5/27/21,14:10,39 27.043,74 12.580,210527-RU25,2.645,15.611,32.106,7.7161,0.0075,2208.9,0.5,,,,
,ru30-20210503T1929,recovery,NOAA-OAP,5/27/21,14:10,39 27.043,74 12.580,210527-RU39,2.645,15.622,32.106,,,,,2031.1,1.1,,
,ru30-20210503T1929,recovery,NOAA-OAP,5/27/21,14:10,39 27.043,74 12.580,210527-RU12,6.236,13.715,32.34,7.7136,0.0051,2204.6,5.8,,,,
,ru30-20210503T1929,recovery,NOAA-OAP,5/27/21,14:10,39 27.043,74 12.580,210527-RU38,6.236,13.715,32.34,,,,,1982,0.7,,
,ru30-20210503T1929,recovery,NOAA-OAP,5/27/21,14:10,39 27.043,74 12.580,210527-RU11,9.714,12.238,32.458,7.7559,0.0147,2231.2,8,,,,
,ru30-20210503T1929,recovery,NOAA-OAP,5/27/21,14:10,39 27.043,74 12.580,210527-RU37,9.714,12.238,32.458,,,,,2002.5,1.5,,
,ru30-20210503T1929,recovery,NOAA-OAP,5/27/21,14:10,39 27.043,74 12.580,210527-RU10,12.132,11.508,32.541,7.7538,0.0048,2186.9,1.1,,,,
,ru30-20210503T1929,recovery,NOAA-OAP,5/27/21,14:10,39 27.043,74 12.580,210527-RU23,12.132,11.508,32.541,,,,,1966,2.1,,
,ru30-20210503T1929,recovery,NOAA-OAP,5/27/21,14:10,39 27.043,74 12.580,210527-RU09,14.16,11.354,32.588,7.7401,0.0228,2177.2,1.1,,,bottom,
,ru30-20210503T1929,recovery,NOAA-OAP,5/27/21,14:10,39 27.043,74 12.580,210527-RU21,14.16,11.354,32.588,,,,,2093.5,2.4,bottom,
,ru30-20210503T1929,recovery,NOAA-OAP,5/27/21,14:35,39 27.043,74 12.580,210527-RU27,0.901,16.098,32.023,7.7248,0.0638,2179.4,0.7,,,surface. Changed sample time from 14:59 to 14:35 according to website notes,
,ru30-20210503T1929,recovery,NOAA-OAP,5/27/21,14:35,39 27.043,74 12.580,210527-RU41,0.901,16.098,32.023,,,,,2053.2,1.9,surface. Changed sample time from 14:59 to 14:35 according to website notes,
,ru30-20210503T1929,recovery,NOAA-OAP,5/27/21,14:35,39 27.043,74 12.580,210527-RU28,2.544,15.754,32.043,7.7621,0.0007,2173.2,2.3,,,Changed sample time from 14:59 to 14:35 according to website notes,
,ru30-20210503T1929,recovery,NOAA-OAP,5/27/21,14:35,39 27.043,74 12.580,210527-RU42,2.544,15.754,32.043,,,,,2128.6,2.5,Changed sample time from 14:59 to 14:35 according to website notes,
,ru30-20210503T1929,recovery,NOAA-OAP,5/27/21,14:35,39 27.043,74 12.580,210527-RU29,6.124,14.202,32.31,7.736,0.0064,2190.3,0.1,,,Changed sample time from 14:59 to 14:35 according to website notes,
,ru30-20210503T1929,recovery,NOAA-OAP,5/27/21,14:35,39 27.043,74 12.580,210527-RU43,6.124,14.202,32.31,,,,,2040.4,2.7,Changed sample time from 14:59 to 14:35 according to website notes,
,ru30-20210503T1929,recovery,NOAA-OAP,5/27/21,14:35,39 27.043,74 12.580,210527-RU30,9.565,12.013,32.486,7.7116,0.006,2207.3,0.2,,,Changed sample time from 14:59 to 14:35 according to website notes,
,ru30-20210503T1929,recovery,NOAA-OAP,5/27/21,14:35,39 27.043,74 12.580,210527-RU44,9.565,12.013,32.486,,,,,1991.1,2.2,Changed sample time from 14:59 to 14:35 according to website notes,
,ru30-20210503T1929,recovery,NOAA-OAP,5/27/21,14:35,39 27.043,74 12.580,210527-RU31,12.121,11.462,32.561,7.7258,0.0025,2214.2,1.1,,,Changed sample time from 14:59 to 14:35 according to website notes,
,ru30-20210503T1929,recovery,NOAA-OAP,5/27/21,14:35,39 27.043,74 12.580,210527-RU45,12.121,11.462,32.561,,,,,1992.9,1.2,Changed sample time from 14:59 to 14:35 according to website notes,
,ru30-20210503T1929,recovery,NOAA-OAP,5/27/21,14:35,39 27.043,74 12.580,210527-RU32,14.875,11.384,32.586,7.7185,0.0024,2204.3,4.3,,,bottom. Changed sample time from 14:59 to 14:35 according to website notes,
,ru30-20210503T1929,recovery,NOAA-OAP,5/27/21,14:35,39 27.043,74 12.580,210527-RU46,14.875,11.384,21.586,,,,,1999.6,1.9,bottom. Changed sample time from 14:59 to 14:35 according to website notes,
,ru30-20210716T1804,deployment,NOAA-OAP,7/16/21,18:55,39 25.913,74 13.631,210716-RU56,0.597,24.857,28.954,8.0977,0.0041,2013.4,,,,surface - bottle closed late as rosette being lifted out of water. Still enough water captured for samples,
,ru30-20210716T1804,deployment,NOAA-OAP,7/16/21,18:55,39 25.913,74 13.631,210716-RU52,0.597,24.857,28.954,,,,,,,surface - bottle closed late as rosette being lifted out of water. Still enough water captured for samples,
,ru30-20210716T1804,deployment,NOAA-OAP,7/16/21,18:55,39 25.913,74 13.631,210716-RU55,3.381,24.337,29.015,8.0941,0.0071,1909.4,,,,,
,ru30-20210716T1804,deployment,NOAA-OAP,7/16/21,18:55,39 25.913,74 13.631,210716-RU51,3.381,24.337,29.015,,,,,,,,
,ru30-20210716T1804,deployment,NOAA-OAP,7/16/21,18:55,39 25.913,74 13.631,210716-RU36,5.867,23.591,30.211,,,,,,,,missing?
,ru30-20210716T1804,deployment,NOAA-OAP,7/16/21,18:55,39 25.913,74 13.631,210716-RU50,5.867,23.591,30.211,,,,,,,,
,ru30-20210716T1804,deployment,NOAA-OAP,7/16/21,18:55,39 25.913,74 13.631,210716-RU35,7.767,20.313,31.559,,,,,,,,missing?
,ru30-20210716T1804,deployment,NOAA-OAP,7/16/21,18:55,39 25.913,74 13.631,210716-RU49,7.767,20.313,31.559,,,,,,,,
,ru30-20210716T1804,deployment,NOAA-OAP,7/16/21,18:55,39 25.913,74 13.631,210716-RU34,9.629,18.149,31.419,,,,,,,,missing?
,ru30-20210716T1804,deployment,NOAA-OAP,7/16/21,18:55,39 25.913,74 13.631,210716-RU48,9.629,18.149,31.419,,,,,,,,
,ru30-20210716T1804,deployment,NOAA-OAP,7/16/21,18:55,39 25.913,74 13.631,210716-RU33,11.454,17.939,31.325,7.7781,0.0059,2109.85,,,,near bottom,
,ru30-20210716T1804,deployment,NOAA-OAP,7/16/21,18:55,39 25.913,74 13.631,210716-RU47,11.454,17.939,31.325,,,,,,,near bottom,
,ru30-20210716T1804,deployment,NOAA-OAP,7/16/21,19:33,39 25.856,74 13.502,210716-RU62,0.853,24.658,29.006,8.0958,0.0051,2017.6,,,,surface,
,ru30-20210716T1804,deployment,NOAA-OAP,7/16/21,19:33,39 25.856,74 13.502,210716-RU82,0.853,24.658,29.006,,,,,,,surface,
,ru30-20210716T1804,deployment,NOAA-OAP,7/16/21,19:33,39 25.856,74 13.502,210716-RU61,4.118,24.189,29.271,8.0756,0.0101,2036.45,,,,,
,ru30-20210716T1804,deployment,NOAA-OAP,7/16/21,19:33,39 25.856,74 13.502,210716-RU81,4.118,24.189,29.271,,,,,,,,
,ru30-20210716T1804,deployment,NOAA-OAP,7/16/21,19:33,39 25.856,74 13.502,210716-RU60,6.107,23.028,31.301,7.9561,0.002,2124.7,,,,,
,ru30-20210716T1804,deployment,NOAA-OAP,7/16/21,19:33,39 25.856,74 13.502,210716-RU80,6.107,23.028,31.301,,,,,,,,
,ru30-20210716T1804,deployment,NOAA-OAP,7/16/21,19:33,39 25.856,74 13.502,210716-RU59,7.708,19.826,31.439,7.9194,0.0016,2134.433333,,,,,
,ru30-20210716T1804,deployment,NOAA-OAP,7/16/21,19:33,39 25.856,74 13.502,210716-RU79,7.708,19.826,31.439,,,,,,,,
,ru30-20210716T1804,deployment,NOAA-OAP,7/16/21,19:33,39 25.856,74 13.502,210716-RU58,9.41,18.846,31.285,,,,,,,,missing?
,ru30-20210716T1804,deployment,NOAA-OAP,7/16/21,19:33,39 25.856,74 13.502,210716-RU54,9.41,18.846,31.285,,,,,,,,
,ru30-20210716T1804,deployment,NOAA-OAP,7/16/21,19:33,39 25.856,74 13.502,210716-RU57,11.86,17.937,31.337,,,,,,,near bottom,missing?
,ru30-20210716T1804,deployment,NOAA-OAP,7/16/21,19:33,39 25.856,74 13.502,210716-RU53,11.86,17.937,31.337,,,,,,,near bottom,
,ru30-20210716T1804,recovery,NOAA-OAP,8/20/21,16:08,39 20.272,74 12.934,210820-RU68,0.213,24.8885,30.8079,7.8998,0.0054,2094.8,,,,surface,
,ru30-20210716T1804,recovery,NOAA-OAP,8/20/21,16:08,39 20.272,74 12.934,210820-RU88,0.213,24.8885,30.8079,,,,,,,surface,
,ru30-20210716T1804,recovery,NOAA-OAP,8/20/21,16:08,39 20.272,74 12.934,210820-RU67,4.694,24.8687,30.8879,7.9104,0.0144,2102.35,,,,,
,ru30-20210716T1804,recovery,NOAA-OAP,8/20/21,16:08,39 20.272,74 12.934,210820-RU87,4.694,24.8687,30.8879,,,,,,,,
,ru30-20210716T1804,recovery,NOAA-OAP,8/20/21,16:08,39 20.272,74 12.934,210820-RU66,8.183,24.6223,31.0296,7.8957,0.0028,2113.066667,,,,,
,ru30-20210716T1804,recovery,NOAA-OAP,8/20/21,16:08,39 20.272,74 12.934,210820-RU86,8.183,24.6223,31.0296,,,,,,,,
,ru30-20210716T1804,recovery,NOAA-OAP,8/20/21,16:08,39 20.272,74 12.934,210820-RU65,10.702,20.3765,31.5029,7.8034,0.0071,2129.5,,,,,
,ru30-20210716T1804,recovery,NOAA-OAP,8/20/21,16:08,39 20.272,74 12.934,210820-RU85,10.702,20.3765,31.5029,,,,,,,,
,ru30-20210716T1804,recovery,NOAA-OAP,8/20/21,16:08,39 20.272,74 12.934,210820-RU64,12.676,15.4664,31.9664,,,,,,,,missing?
,ru30-20210716T1804,recovery,NOAA-OAP,8/20/21,16:08,39 20.272,74 12.934,210820-RU84,12.676,15.4664,31.9664,,,,,,,,
,ru30-20210716T1804,recovery,NOAA-OAP,8/20/21,16:08,39 20.272,74 12.934,210820-RU63,15.467,15.0873,31.9901,7.6662,0.0025,2161.2,,,,near bottom,
,ru30-20210716T1804,recovery,NOAA-OAP,8/20/21,16:08,39 20.272,74 12.934,210820-RU83,15.467,15.0873,31.9901,,,,,,,near bottom,
,ru30-20210716T1804,recovery,NOAA-OAP,8/20/21,16:49,39 20.123,74 13.197,210820-RU74,0.784,24.8728,30.8197,7.9131,0.0033,2096.9,,,,surface,
,ru30-20210716T1804,recovery,NOAA-OAP,8/20/21,16:49,39 20.123,74 13.197,210820-RU77,0.784,24.8728,30.8197,,,,,,,surface,
,ru30-20210716T1804,recovery,NOAA-OAP,8/20/21,16:49,39 20.123,74 13.197,210820-RU73,4.752,24.8708,30.9489,7.9093,0.0052,2106.6,,,,,
,ru30-20210716T1804,recovery,NOAA-OAP,8/20/21,16:49,39 20.123,74 13.197,210820-RU76,4.752,24.8708,30.9489,,,,,,,,
,ru30-20210716T1804,recovery,NOAA-OAP,8/20/21,16:49,39 20.123,74 13.197,210820-RU72,7.255,24.6233,31.0095,7.9126,0.0173,2109.6,,,,,
,ru30-20210716T1804,recovery,NOAA-OAP,8/20/21,16:49,39 20.123,74 13.197,210820-RU75,7.255,24.6233,31.0095,,,,,,,,
,ru30-20210716T1804,recovery,NOAA-OAP,8/20/21,16:49,39 20.123,74 13.197,210820-RU71,10.643,21.4919,31.2371,7.8078,0.0045,2121.75,,,,,
,ru30-20210716T1804,recovery,NOAA-OAP,8/20/21,16:49,39 20.123,74 13.197,210820-RU91,10.643,21.4919,31.2371,,,,,,,,
,ru30-20210716T1804,recovery,NOAA-OAP,8/20/21,16:49,39 20.123,74 13.197,210820-RU70,12.991,15.2018,31.9933,7.6465,0.0022,2153.5,,,,,
,ru30-20210716T1804,recovery,NOAA-OAP,8/20/21,16:49,39 20.123,74 13.197,210820-RU90,12.991,15.2018,31.9933,,,,,,,,
,ru30-20210716T1804,recovery,NOAA-OAP,8/20/21,16:49,39 20.123,74 13.197,210820-RU69,15.499,14.85,32.0065,7.6547,0.0289,2164.65,,,,near bottom,
,ru30-20210716T1804,recovery,NOAA-OAP,8/20/21,16:49,39 20.123,74 13.197,210820-RU89,15.499,14.85,32.0065,,,,,,,near bottom,
,ru30-20211020T1316,deployment,NOAA-OAP,10/20/21,13:30,39 26.924,74 13.088,211020-RU78,0,18.9843,31.8075,7.8633,0.0007,2178.2,,,,surface - coordinates and sampling time estimated from glider data,
,ru30-20211020T1316,deployment,NOAA-OAP,10/20/21,13:30,39 26.924,74 13.088,211020-RU122,0,18.9843,31.8075,,,,,,,surface - coordinates and sampling time estimated from glider data,
,ru30-20211020T1316,deployment,NOAA-OAP,10/20/21,13:30,39 26.924,74 13.088,211020-RU92,0,18.9843,31.8075,7.8777,0.007,2160.7,,,,surface - coordinates and sampling time estimated from glider data,
,ru30-20211020T1316,deployment,NOAA-OAP,10/20/21,13:30,39 26.924,74 13.088,211020-RU123,0,18.9843,31.8075,,,,,,,surface - coordinates and sampling time estimated from glider data,
,ru30-20211020T1316,recovery,NOAA-OAP,11/17/21,15:22,39 26.31,74 12.85,211117-RU93,0,13.0511,31.5511,7.7816,0.0085,2162.4,,,,surface,
,ru30-20211020T1316,recovery,NOAA-OAP,11/17/21,15:22,39 26.31,74 12.85,211117-RU124,0,13.0511,31.5511,,,,,,,surface,
,ru30-20211020T1316,recovery,NOAA-OAP,11/17/21,15:22,39 26.31,74 12.85,211117-RU94,0,13.0511,31.5511,7.7984,0.001,2172.3,,,,surface,
,ru30-20211020T1316,recovery,NOAA-OAP,11/17/21,15:22,39 26.31,74 12.85,211117-RU125,0,13.0511,31.5511,,,,,,,surface,
,maracoos_02-20220420T2011,deployment,NOAA-OAP,4/20/22,21:22,40 21.515,73 50.619,220420-RU95,21.452,7.2629,33.0265,7.833284107,0.004010347,2214.56026,3.697313581,,,bottom,
,maracoos_02-20220420T2011,deployment,NOAA-OAP,4/20/22,21:22,40 21.515,73 50.619,220420-RU126,21.452,7.2629,33.0265,,,,,2039.698407,4.459662437,bottom,
,maracoos_02-20220420T2011,deployment,NOAA-OAP,4/20/22,21:22,40 21.515,73 50.619,220420-RU96,17.4,7.5716,32.5233,7.837860222,0.003675485,2219.989515,5.588005027,,,,
,maracoos_02-20220420T2011,deployment,NOAA-OAP,4/20/22,21:22,40 21.515,73 50.619,220420-RU127,17.4,7.5716,32.5233,,,,,2053.140305,2.715468899,,
,maracoos_02-20220420T2011,deployment,NOAA-OAP,4/20/22,21:22,40 21.515,73 50.619,220420-RU97,11.24,8.0728,30.4082,7.860778251,0.004813661,2145.814806,4.201399555,,,,
,maracoos_02-20220420T2011,deployment,NOAA-OAP,4/20/22,21:22,40 21.515,73 50.619,220420-RU128,11.24,8.0728,30.4082,,,,,1997.11157,0.269431143,,
,maracoos_02-20220420T2011,deployment,NOAA-OAP,4/20/22,21:22,40 21.515,73 50.619,220420-RU98,0,8.76,29.4504,7.813107456,0.001941776,2125.121916,2.128453424,,,surface - time estimated from notes,
,maracoos_02-20220420T2011,deployment,NOAA-OAP,4/20/22,21:22,40 21.515,73 50.619,2220420-RU129,0,8.76,29.4504,,,,,1984.966146,2.252754508,surface - time estimated from notes,
,maracoos_02-20220420T2011,deployment,NOAA-OAP,4/20/22,21:22,40 21.515,73 50.619,220420-RU99,0,8.76,29.4504,7.866614102,0.004267625,2130.740746,6.842756156,,,surface - time estimated from notes,
,maracoos_02-20220420T2011,deployment,NOAA-OAP,4/20/22,21:22,40 21.515,73 50.619,220420-RU130,0,8.76,29.4504,,,,,1954.458732,2.661640846,surface - time estimated from notes,
,maracoos_02-20220420T2011,recovery,NOAA-OAP,5/18/22,15:19,39 19.8798,74 20.5181,220518-RU100,0,12.762,30.69,7.833140466,0.005044637,2163.752913,2.162693248,,,surface - glider segment maracoos_02-2022-137-3-1. got gmt_time from glider file,
,maracoos_02-20220420T2011,recovery,NOAA-OAP,5/18/22,15:19,39 19.8798,74 20.5181,220518-RU131,0,12.762,30.69,,,,,2001.457787,2.514865684,surface - glider segment maracoos_02-2022-137-3-1. got gmt_time from glider file,
,maracoos_02-20220420T2011,recovery,NOAA-OAP,5/18/22,15:19,39 19.8798,74 20.5181,220518-RU101,0,12.762,30.69,7.878482576,0.068292228,2157.262813,5.584882306,,,surface - glider segment maracoos_02-2022-137-3-1. got gmt_time from glider file,
,maracoos_02-20220420T2011,recovery,NOAA-OAP,5/18/22,15:19,39 19.8798,74 20.5181,220518-RU132,0,12.762,30.69,,,,,2016.390767,0.87178034,surface - glider segment maracoos_02-2022-137-3-1. got gmt_time from glider file,
,ru30-20220906T1523,deployment,NOAA-OAP,9/6/22,16:04,40 25.3716,73 42.9354,220906-RU102,14.533,23.9412,32.1441,7.940620538,0.005158779,2169.365907,3.388748181,,,near bottom - Glider segment:  ru30-2022-248-5-0 (0484.0000) and ru30-2022-248-6-0 (0485.0000),"sampling location lat/lon not recorded, used the lat/lon from the glider"
,ru30-20220906T1523,deployment,NOAA-OAP,9/6/22,16:04,40 25.3716,73 42.9354,220906-RU133,14.533,23.9412,32.1441,,,,,1970.421986,0.222579681,near bottom,"sampling location lat/lon not recorded, used the lat/lon from the glider"
,ru30-20220906T1523,deployment,NOAA-OAP,9/6/22,16:04,40 25.3716,73 42.9354,220906-RU103,12.094,24.293,32.0552,7.971858281,0.005028887,2166.9697,0.705989204,,,,"sampling location lat/lon not recorded, used the lat/lon from the glider"
,ru30-20220906T1523,deployment,NOAA-OAP,9/6/22,16:04,40 25.3716,73 42.9354,220906-RU134,12.094,24.293,32.0552,,,,,1949.136641,1.958850104,,"sampling location lat/lon not recorded, used the lat/lon from the glider"
,ru30-20220906T1523,deployment,NOAA-OAP,9/6/22,16:04,40 25.3716,73 42.9354,220906-RU104,9.287,24.3656,32.0165,7.975605894,0.008082083,2160.529894,0.917785966,,,,"sampling location lat/lon not recorded, used the lat/lon from the glider"
,ru30-20220906T1523,deployment,NOAA-OAP,9/6/22,16:04,40 25.3716,73 42.9354,220906-RU135,9.287,24.3656,32.0165,,,,,1918.160335,2.90240519,,"sampling location lat/lon not recorded, used the lat/lon from the glider"
,ru30-20220906T1523,deployment,NOAA-OAP,9/6/22,16:04,40 25.3716,73 42.9354,220906-RU105,5.878,24.3667,32.0195,7.980155505,0.008698898,2205.601897,n/a,,,,"sampling location lat/lon not recorded, used the lat/lon from the glider"
,ru30-20220906T1523,deployment,NOAA-OAP,9/6/22,16:04,40 25.3716,73 42.9354,220906-RU136,5.878,24.3667,32.0195,,,,,1947.459175,1.498565343,,"sampling location lat/lon not recorded, used the lat/lon from the glider"
,ru30-20220906T1523,deployment,NOAA-OAP,9/6/22,16:04,40 25.3716,73 42.9354,220906-RU106,2.768,24.3657,32.0198,7.982595972,0.009006823,2193.894419,1.637875796,,,,"sampling location lat/lon not recorded, used the lat/lon from the glider"
,ru30-20220906T1523,deployment,NOAA-OAP,9/6/22,16:04,40 25.3716,73 42.9354,220906-RU137,2.768,24.3657,32.0198,,,,,1958.59076,1.081740065,,"sampling location lat/lon not recorded, used the lat/lon from the glider"
,ru30-20220906T1523,deployment,NOAA-OAP,9/6/22,16:04,40 25.3716,73 42.9354,220906-RU107,0.709,24.364,32.0126,7.968894693,0.010293802,2171.556714,1.301715042,,,surface,"sampling location lat/lon not recorded, used the lat/lon from the glider"
,ru30-20220906T1523,deployment,NOAA-OAP,9/6/22,16:04,40 25.3716,73 42.9354,220906-RU138,0.709,24.364,32.0126,,,,,1957.31797,2.544794559,surface,"sampling location lat/lon not recorded, used the lat/lon from the glider"
,ru30-20220906T1523,deployment,NOAA-OAP,9/6/22,16:27,40 25.3716,73 42.9354,220906-RU108,14.966,23.6435,32.2246,7.926585569,0.001506687,2175.911101,0.306539721,,,near bottom,"sampling location lat/lon not recorded, used the lat/lon from the glider"
,ru30-20220906T1523,deployment,NOAA-OAP,9/6/22,16:27,40 25.3716,73 42.9354,220906-RU139,14.966,23.6435,32.2246,,,,,1962.051361,2.279150421,near bottom,"sampling location lat/lon not recorded, used the lat/lon from the glider"
,ru30-20220906T1523,deployment,NOAA-OAP,9/6/22,16:27,40 25.3716,73 42.9354,220906-RU109,11.561,24.3062,32.0617,7.9775801,0.002228456,2173.737096,0.851401906,,,,"sampling location lat/lon not recorded, used the lat/lon from the glider"
,ru30-20220906T1523,deployment,NOAA-OAP,9/6/22,16:27,40 25.3716,73 42.9354,220906-RU140,11.561,24.3062,32.0617,,,,,1924.516808,2.704725104,,"sampling location lat/lon not recorded, used the lat/lon from the glider"
,ru30-20220906T1523,deployment,NOAA-OAP,9/6/22,16:27,40 25.3716,73 42.9354,220906-RU110,8.439,24.3457,32.0205,7.974299002,0.008155529,2172.934387,2.128504766,,,,"sampling location lat/lon not recorded, used the lat/lon from the glider"
,ru30-20220906T1523,deployment,NOAA-OAP,9/6/22,16:27,40 25.3716,73 42.9354,220906-RU141,8.439,24.3457,32.0205,,,,,1916.077165,0.654693542,,"sampling location lat/lon not recorded, used the lat/lon from the glider"
,ru30-20220906T1523,deployment,NOAA-OAP,9/6/22,16:27,40 25.3716,73 42.9354,220906-RU111,5.595,24.3488,32.0178,7.969671385,0.002066466,2174.855254,0.932281678,,,,"sampling location lat/lon not recorded, used the lat/lon from the glider"
,ru30-20220906T1523,deployment,NOAA-OAP,9/6/22,16:27,40 25.3716,73 42.9354,220906-RU142,5.595,24.3488,32.0178,,,,,1965.286544,1.641367052,,"sampling location lat/lon not recorded, used the lat/lon from the glider"
,ru30-20220906T1523,deployment,NOAA-OAP,9/6/22,16:27,40 25.3716,73 42.9354,220906-RU112,2.475,24.3286,32.0186,7.976366936,0.009702384,2160.333333,3.580968212,,,,"sampling location lat/lon not recorded, used the lat/lon from the glider"
,ru30-20220906T1523,deployment,NOAA-OAP,9/6/22,16:27,40 25.3716,73 42.9354,220906-RU143,2.475,24.2486,32.0186,,,,,1941.625678,0.588945095,,"sampling location lat/lon not recorded, used the lat/lon from the glider"
,ru30-20220906T1523,deployment,NOAA-OAP,9/6/22,16:27,40 25.3716,73 42.9354,220906-RU113,0.928,24.3496,32.0179,7.982632644,0.004351539,2173.870881,1.405935477,,,surface,"sampling location lat/lon not recorded, used the lat/lon from the glider"
,ru30-20220906T1523,deployment,NOAA-OAP,9/6/22,16:27,40 25.3716,73 42.9354,220906-RU144,0.928,24.3496,32.0179,,,,,1943.890517,1.250507222,surface,"sampling location lat/lon not recorded, used the lat/lon from the glider"
,ru30-20221011T1527,deployment,NOAA-OAP,10/11/22,16:09,40 20.445,73 44.879,221011-RU114,19.3,17.8199,32.9114,7.879621835,0.003203105,2205.133333,1.644181661,,,"Glider segments for water sampling were 0505.0000, 0506.0000, 0507.0000. got gmt_time from glider file",
,ru30-20221011T1527,deployment,NOAA-OAP,10/11/22,16:09,40 20.445,73 44.879,221011-RU145,19.3,17.8199,32.9114,,,,,1993.705027,4.879211615,,
,ru30-20221011T1527,deployment,NOAA-OAP,10/11/22,16:09,40 20.445,73 44.879,221011-RU115,5.462,17.5284,32.6863,7.879536229,0.001826099,2195.75,4.313351365,,,,
,ru30-20221011T1527,deployment,NOAA-OAP,10/11/22,16:09,40 20.445,73 44.879,221011-RU146,5.462,17.854,32.6863,,,,,1994.944745,0.793406402,,
,ru30-20221011T1527,deployment,NOAA-OAP,10/11/22,16:09,40 20.445,73 44.879,221011-RU116,1.824,17.3048,32.3778,7.913268136,0.002175266,2210.541516,4.420872095,,,surface,
,ru30-20221011T1527,deployment,NOAA-OAP,10/11/22,16:09,40 20.445,73 44.879,221011-RU147,1.824,17.3048,32.3778,,,,,2187.242183,0.907122044,surface,
,ru30-20221011T1527,recovery,NOAA-OAP,11/7/22,19:30,39 26.798,74 14.335,221107-RU120,2,17.1581,31.806,7.891937991,0.003816102,2158.25,1.202081528,,,,
,ru30-20221011T1527,recovery,NOAA-OAP,11/7/22,19:30,39 26.798,74 14.335,221107-RU151,2,17.1581,31.806,,,,,1987.085745,3.487527087,,
,ru30-20221011T1527,recovery,NOAA-OAP,11/7/22,19:30,39 26.798,74 14.335,221107-RU121,2,17.1581,31.806,7.875254981,0.001212914,2164.109411,2.353166501,,,,
,ru30-20221011T1527,recovery,NOAA-OAP,11/7/22,19:30,39 26.798,74 14.335,221107-RU152,2,17.1581,31.806,,,,,1967.47749,2.582316654,,
RU39 RMI 2023 #1 Spring Deployment,ru39-20230420T1636,deployment,RMI,4/20/23,17:35,40 19.470,73 45.131,RMI-RU-001,1.605,11.1282,30.5841,,,2137.359046,,1864.546562,,,
RU39 RMI 2023 #1 Spring Deployment,ru39-20230420T1636,deployment,RMI,4/20/23,17:35,40 19.470,73 45.131,RMI-RU-002,1.605,11.1282,30.5841,8.072292026,,2137.359046,,,,,
RU39 RMI 2023 #1 Spring Deployment,ru39-20230420T1636,deployment,RMI,4/20/23,17:35,40 19.470,73 45.131,RMI-RU-003,9.149,8.8978,31.5408,,,2158.548583,,1943.240717,,,
RU39 RMI 2023 #1 Spring Deployment,ru39-20230420T1636,deployment,RMI,4/20/23,17:35,40 19.470,73 45.131,RMI-RU-004,9.149,8.8978,31.5408,7.954733848,,2158.548583,,,,,
RU39 RMI 2023 #1 Spring Deployment,ru39-20230420T1636,deployment,RMI,4/20/23,17:35,40 19.470,73 45.131,RMI-RU-005,15.19,7.3262,32.3837,,,2184.481966,,2033.500917,,,
RU39 RMI 2023 #1 Spring Deployment,ru39-20230420T1636,deployment,RMI,4/20/23,17:35,40 19.470,73 45.131,RMI-RU-006,15.19,7.3263,32.3837,7.770826167,,2184.481966,,,,,
RU39 RMI 2023 #1 Spring Deployment,ru39-20230420T1636,deployment,RMI,4/20/23,17:59,40 19.425,73 44.873,RMI-RU-007,1.333,11.1769,30.5044,,,2135.758154,,1860.657197,,,
RU39 RMI 2023 #1 Spring Deployment,ru39-20230420T1636,deployment,RMI,4/20/23,17:59,40 19.425,73 44.873,RMI-RU-008,1.333,11.1769,30.5044,8.068768595,,2135.758154,,,,,
RU39 RMI 2023 #1 Spring Deployment,ru39-20230420T1636,deployment,RMI,4/20/23,17:59,40 19.425,73 44.873,RMI-RU-009,9.106,8.3547,31.9534,,,2150.047145,,1915.81878,,,
RU39 RMI 2023 #1 Spring Deployment,ru39-20230420T1636,deployment,RMI,4/20/23,17:59,40 19.425,73 44.873,RMI-RU-010,9.106,8.3547,31.9534,7.977443984,,2150.047145,,,,,
RU39 RMI 2023 #1 Spring Deployment,ru39-20230420T1636,deployment,RMI,4/20/23,17:59,40 19.425,73 44.873,RMI-RU-011,15.318,7.3334,32.3729,,,2183.328012,,2032.818566,,,
RU39 RMI 2023 #1 Spring Deployment,ru39-20230420T1636,deployment,RMI,4/20/23,17:59,40 19.425,73 44.873,RMI-RU-012,15.318,7.3334,32.3729,7.770339421,,2183.328012,,,,,
RU39 RMI 2023 #1 Spring Recovery,ru39-20230420T1636,recovery,RMI,5/12/23,17:47,39 24.099,74 8.665,RMI-RU-013,1.653,15.1014,30.5827,,,2110.333814,,1951.464148,,,
RU39 RMI 2023 #1 Spring Recovery,ru39-20230420T1636,recovery,RMI,5/12/23,17:47,39 24.099,74 8.665,RMI-RU-014,1.653,15.1014,30.5827,7.82515461,,2110.333814,,,,,
RU39 RMI 2023 #1 Spring Recovery,ru39-20230420T1636,recovery,RMI,5/12/23,17:47,39 24.099,74 8.665,RMI-RU-015,11.619,11.9223,31.294,,,2141.357419,,2002.216003,,,
RU39 RMI 2023 #1 Spring Recovery,ru39-20230420T1636,recovery,RMI,5/12/23,17:47,39 24.099,74 8.665,RMI-RU-016,11.619,11.9223,31.294,7.760743486,,2141.357419,,,,,
RU39 RMI 2023 #1 Spring Recovery,ru39-20230420T1636,recovery,RMI,5/12/23,17:47,39 24.099,74 8.665,RMI-RU-017,16.567,9.7244,32.1458,,,2164.712951,,2049.099801,,,
RU39 RMI 2023 #1 Spring Recovery,ru39-20230420T1636,recovery,RMI,5/12/23,17:47,39 24.099,74 8.665,RMI-RU-018,16.567,9.7244,32.1458,7.684544078,,2164.712951,,,,,
RU39 RMI 2023 #1 Spring Recovery,ru39-20230420T1636,recovery,RMI,5/12/23,18:00,39 24.303,74 8.553,RMI-RU-019,1.675,15.1122,30.7839,,,2110.718359,,1950.883718,,,
RU39 RMI 2023 #1 Spring Recovery,ru39-20230420T1636,recovery,RMI,5/12/23,18:00,39 24.303,74 8.553,RMI-RU-020,1.675,15.1122,30.7839,7.814803796,,2110.718359,,,,,
RU39 RMI 2023 #1 Spring Recovery,ru39-20230420T1636,recovery,RMI,5/12/23,18:00,39 24.303,74 8.553,RMI-RU-021,11.534,10.9787,31.9231,,,2113.095009,,1952.814767,,,
RU39 RMI 2023 #1 Spring Recovery,ru39-20230420T1636,recovery,RMI,5/12/23,18:00,39 24.303,74 8.553,RMI-RU-022,11.534,10.9787,31.9231,7.829710304,,2113.095009,,,,,
RU39 RMI 2023 #1 Spring Recovery,ru39-20230420T1636,recovery,RMI,5/12/23,18:00,39 24.303,74 8.553,RMI-RU-023,16.434,9.7076,32.1653,,,2166.715525,,2053.373109,,,
RU39 RMI 2023 #1 Spring Recovery,ru39-20230420T1636,recovery,RMI,5/12/23,18:00,39 24.303,74 8.553,RMI-RU-024,16.434,9.7076,32.1653,7.681322038,,2166.715525,,,,,
RU39 RMI 2023 #2 Summer Deployment,ru39-20230817T1520,deployment,RMI,8/17/23,15:45,40 20.647,73 44.518,RMI-RU-025,1.648,23.4105,29.4366,,,2065.257677,,1805.521304,,,
RU39 RMI 2023 #2 Summer Deployment,ru39-20230817T1520,deployment,RMI,8/17/23,15:45,40 20.647,73 44.518,RMI-RU-026,1.648,23.4105,29.4366,8.078186794,,2065.257677,,,,,
RU39 RMI 2023 #2 Summer Deployment,ru39-20230817T1520,deployment,RMI,8/17/23,15:45,40 20.647,73 44.518,RMI-RU-027,19.589,14.678,31.8517,,,2158.47975,,2076.690606,,,
RU39 RMI 2023 #2 Summer Deployment,ru39-20230817T1520,deployment,RMI,8/17/23,15:45,40 20.647,73 44.518,RMI-RU-028,19.589,14.678,31.8517,7.592317924,,2158.47975,,,,,
RU39 RMI 2023 #2 Summer Deployment,ru39-20230817T1520,deployment,RMI,8/17/23,15:45,40 20.647,73 44.518,RMI-RU-029,9.586,20.4928,30.9284,,,2107.652323,,1916.412777,,,
RU39 RMI 2023 #2 Summer Deployment,ru39-20230817T1520,deployment,RMI,8/17/23,15:45,40 20.647,73 44.518,RMI-RU-030,9.586,20.4928,30.9284,7.926450975,,2107.652323,,,,,
RU39 RMI 2023 #2 Summer Deployment,ru39-20230817T1520,deployment,RMI,8/17/23,16:04,40 20.551,73 44.650,RMI-RU-031,1.707,23.4098,29.4801,,,2069.34386,,1807.450424,,,
RU39 RMI 2023 #2 Summer Deployment,ru39-20230817T1520,deployment,RMI,8/17/23,16:04,40 20.551,73 44.650,RMI-RU-032,1.707,23.4098,29.4801,8.085047028,,2069.34386,,,,,
RU39 RMI 2023 #2 Summer Deployment,ru39-20230817T1520,deployment,RMI,8/17/23,16:04,40 20.551,73 44.650,RMI-RU-033,9.037,20.3967,30.9999,,,2099.843822,,1892.555892,,,
RU39 RMI 2023 #2 Summer Deployment,ru39-20230817T1520,deployment,RMI,8/17/23,16:04,40 20.551,73 44.650,RMI-RU-034,9.037,20.3967,30.9999,7.952196505,,2099.843822,,,,,
RU39 RMI 2023 #2 Summer Deployment,ru39-20230817T1520,deployment,RMI,8/17/23,16:04,40 20.551,73 44.650,RMI-RU-035,19.092,14.667,31.8675,,,2156.18772,,2074.369464,,,
RU39 RMI 2023 #2 Summer Deployment,ru39-20230817T1520,deployment,RMI,8/17/23,16:04,40 20.551,73 44.650,RMI-RU-036,19.092,14.667,31.8675,7.588454248,,2156.18772,,,,,
RU39 RMI 2023 #2 Summer Recovery,ru39-20230817T1520,recovery,RMI,9/20/23,10:20,39 15.888,74 19.458,RMI-RU-037,2,22.44859,30.78023,,,2100.640362,,1916.379872,,,
RU39 RMI 2023 #2 Summer Recovery,ru39-20230817T1520,recovery,RMI,9/20/23,10:20,39 15.888,74 19.458,RMI-RU-038,2,22.44859,30.78023,7.898573746,,2100.640362,,,,,
RU39 RMI 2023 #2 Summer Recovery,ru39-20230817T1520,recovery,RMI,9/20/23,10:30,39 15.888,74 19.458,RMI-RU-039,2,22.44859,30.78023,,,2103.103331,,1915.476117,,,
RU39 RMI 2023 #2 Summer Recovery,ru39-20230817T1520,recovery,RMI,9/20/23,10:30,39 15.888,74 19.458,RMI-RU-040,2,22.44859,30.78023,7.886113888,,2103.103331,,,,,
RU39 RMI 2023 #2 Summer Recovery,ru39-20230817T1520,recovery,RMI,9/20/23,10:40,39 15.888,74 19.458,RMI-RU-041,13,22.37522,30.81389,,,2099.169688,,1914.045057,,,
RU39 RMI 2023 #2 Summer Recovery,ru39-20230817T1520,recovery,RMI,9/20/23,10:40,39 15.888,74 19.458,RMI-RU-042,13,22.37522,30.81389,7.887868893,,2099.169688,,,,,
RU39 RMI 2023 #2 Summer Recovery,ru39-20230817T1520,recovery,RMI,9/20/23,10:50,39 15.888,74 19.458,RMI-RU-043,13,22.37522,30.81389,,,2100.177929,,1914.702001,,,
RU39 RMI 2023 #2 Summer Recovery,ru39-20230817T1520,recovery,RMI,9/20/23,10:50,39 15.888,74 19.458,RMI-RU-044,13,22.37522,30.81389,7.883990122,,2100.177929,,,,,
RU34 RMI 2023 Gap Fill #2 Deployment,ru34-20230920T1506,deployment,RMI,9/20/23,15:41,40 19.973,73 51.746,RMI-RU-045,22.787,12.0825,32.42,,,2184.827395,,2139.946512,,,
RU34 RMI 2023 Gap Fill #2 Deployment,ru34-20230920T1506,deployment,RMI,9/20/23,15:41,40 19.973,73 51.746,RMI-RU-046,22.787,12.0825,32.42,7.437826241,,2184.827395,,,,pH and DIC/TA didn't match well,
RU34 RMI 2023 Gap Fill #2 Deployment,ru34-20230920T1506,deployment,RMI,9/20/23,15:41,40 19.973,73 51.746,RMI-RU-047,19.679,19.0056,31.6825,,,2166.821226,,2090.561924,,,
RU34 RMI 2023 Gap Fill #2 Deployment,ru34-20230920T1506,deployment,RMI,9/20/23,15:41,40 19.973,73 51.746,RMI-RU-048,19.679,19.0056,31.6825,7.658029353,,2166.821226,,,,pH and DIC/TA didn't match well,
RU34 RMI 2023 Gap Fill #2 Deployment,ru34-20230920T1506,deployment,RMI,9/20/23,15:41,40 19.973,73 51.746,RMI-RU-049,1.653,20.6439,30.8369,,,2094.848007,,1871.080031,,,
RU34 RMI 2023 Gap Fill #2 Deployment,ru34-20230920T1506,deployment,RMI,9/20/23,15:41,40 19.973,73 51.746,RMI-RU-050,1.653,20.6439,30.8369,7.97869257,,2094.848007,,,,,
RU34 RMI 2023 Gap Fill #2 Deployment,ru34-20230920T1506,deployment,RMI,9/20/23,15:59,40 19.956,73 51.743,RMI-RU-051,22.744,12.1231,32.4131,,,2193.796034,,2165.509021,,,
RU34 RMI 2023 Gap Fill #2 Deployment,ru34-20230920T1506,deployment,RMI,9/20/23,15:59,40 19.956,73 51.743,RMI-RU-052,22.744,12.1231,32.4131,7.39114444,,2193.796034,,,,pH and DIC/TA didn't match well,
RU34 RMI 2023 Gap Fill #2 Deployment,ru34-20230920T1506,deployment,RMI,9/20/23,15:59,40 19.956,73 51.743,RMI-RU-053,19.53,19.5234,31.5988,,,2142.133382,,2001.386534,,,
RU34 RMI 2023 Gap Fill #2 Deployment,ru34-20230920T1506,deployment,RMI,9/20/23,15:59,40 19.956,73 51.743,RMI-RU-054,19.53,19.5234,31.5988,7.762753652,,2142.133382,,,,,
RU34 RMI 2023 Gap Fill #2 Deployment,ru34-20230920T1506,deployment,RMI,9/20/23,15:59,40 19.956,73 51.743,RMI-RU-055,1.632,20.7116,30.9066,,,2098.359223,,1870.148377,,,
RU34 RMI 2023 Gap Fill #2 Deployment,ru34-20230920T1506,deployment,RMI,9/20/23,15:59,40 19.956,73 51.743,RMI-RU-056,1.632,20.7116,30.9066,7.982098609,,2098.359223,,,,,
RU39 RMI 2023 #3 Fall Deployment,ru39-20231018T1426,deployment,RMI,10/18/23,14:50,40 14.091,73 51.887,RMI-RU-045B,2,17.0352,30.73056,,,2116.02971,,1862.788641,,,
RU39 RMI 2023 #3 Fall Deployment,ru39-20231018T1426,deployment,RMI,10/18/23,14:50,40 14.091,73 51.887,RMI-RU-046B,2,17.0352,30.73056,8.016804145,,2116.02971,,,,,
RU39 RMI 2023 #3 Fall Deployment,ru39-20231018T1426,deployment,RMI,10/18/23,15:05,40 14.091,73 51.887,RMI-RU-047B,2,17.0352,30.73056,,,2110.834337,,1864.354971,,,
RU39 RMI 2023 #3 Fall Deployment,ru39-20231018T1426,deployment,RMI,10/18/23,15:05,40 14.091,73 51.887,RMI-RU-048B,2,17.0352,30.73056,8.018409175,,2110.834337,,,,,
RU39 RMI 2023 #3 Fall Deployment,ru39-20231018T1426,deployment,RMI,10/18/23,15:15,40 14.060,73 51.900,RMI-RU-049B,26,17.33677,31.12069,,,2146.019497,,1947.284595,,,
RU39 RMI 2023 #3 Fall Deployment,ru39-20231018T1426,deployment,RMI,10/18/23,15:15,40 14.060,73 51.900,RMI-RU-050B,26,17.33677,31.12069,7.895994902,,2146.019497,,,,,
RU39 RMI 2023 #3 Fall Deployment,ru39-20231018T1426,deployment,RMI,10/18/23,15:25,40 14.060,73 51.900,RMI-RU-051B,26,17.33677,31.12069,,,2146.174229,,1947.620969,,,
RU39 RMI 2023 #3 Fall Deployment,ru39-20231018T1426,deployment,RMI,10/18/23,15:25,40 14.060,73 51.900,RMI-RU-052B,26,17.33677,31.12069,7.899597511,,2146.174229,,,,,
RU34 RMI 2023 Gap Fill #2 Recovery,ru34-20230920T1506,recovery,RMI,10/19/23,14:55,39 25.950,74 13.134,RMI-RU-053B,2,17.394,30.9003,,,2113.259474,,1898.521502,,,
RU34 RMI 2023 Gap Fill #2 Recovery,ru34-20230920T1506,recovery,RMI,10/19/23,14:55,39 25.950,74 13.134,RMI-RU-054B,2,17.394,30.9003,7.958552842,,2113.259474,,,,,
RU34 RMI 2023 Gap Fill #2 Recovery,ru34-20230920T1506,recovery,RMI,10/19/23,15:00,39 25.950,74 13.134,RMI-RU-055B,2,17.394,30.9003,,,2112.423298,,1894.527282,,,
RU34 RMI 2023 Gap Fill #2 Recovery,ru34-20230920T1506,recovery,RMI,10/19/23,15:00,39 25.950,74 13.134,RMI-RU-056B,2,17.394,30.9003,7.955345961,,2112.423298,,,,,
RU34 RMI 2023 Gap Fill #2 Recovery,ru34-20230920T1506,recovery,RMI,10/19/23,15:30,39 25.983,74 13.489,RMI-RU-057B,19,17.5492,31.2984,,,2119.990897,,1932.149174,,,
RU34 RMI 2023 Gap Fill #2 Recovery,ru34-20230920T1506,recovery,RMI,10/19/23,15:30,39 25.983,74 13.489,RMI-RU-058B,19,17.5492,31.2984,7.892531825,,2119.990897,,,,,
RU34 RMI 2023 Gap Fill #2 Recovery,ru34-20230920T1506,recovery,RMI,10/19/23,15:40,39 25.983,74 13.489,RMI-RU-059B,19,17.5492,31.2984,,,2122.179336,,1932.230357,,,
RU34 RMI 2023 Gap Fill #2 Recovery,ru34-20230920T1506,recovery,RMI,10/19/23,15:40,39 25.983,74 13.489,RMI-RU-060B,19,17.5492,31.2984,7.886737253,,2122.179336,,,,,
RU39 RMI 2023 #3 Fall Re-Deployment,ru39-20231103T1413,deployment,RMI,11/3/23,15:10,40 15.059,73 53.348,RMI-RU-061,2,14.666,29.633,,,,,,,,
RU39 RMI 2023 #3 Fall Re-Deployment,ru39-20231103T1413,deployment,RMI,11/3/23,15:10,40 15.059,73 53.348,RMI-RU-062,2,14.666,29.633,,,,,,,,
RU39 RMI 2023 #3 Fall Re-Deployment,ru39-20231103T1413,deployment,RMI,11/3/23,15:14,40 15.047,73 53.367,RMI-RU-063,2,14.666,29.633,,,,,,,,
RU39 RMI 2023 #3 Fall Re-Deployment,ru39-20231103T1413,deployment,RMI,11/3/23,15:14,40 15.047,73 53.367,RMI-RU-064,2,14.666,29.633,,,,,,,,
RU39 RMI 2023 Fall Recovery,ru39-20231103T1413,recovery,RMI,12/5/23,19:46,39 20.562,74 12.273,RMI-RU-081,2,11.2576,31.7414,,,,,,,,
RU39 RMI 2023 Fall Recovery,ru39-20231103T1413,recovery,RMI,12/5/23,19:46,39 20.562,74 12.273,RMI-RU-082,2,11.2576,31.7414,,,,,,,,
RU39 RMI 2023 Fall Recovery,ru39-20231103T1413,recovery,RMI,12/5/23,19:46,39 20.562,74 12.273,RMI-RU-083,2,11.2576,31.7414,,,,,,,,
RU39 RMI 2023 Fall Recovery,ru39-20231103T1413,recovery,RMI,12/5/23,19:46,39 20.562,74 12.273,RMI-RU-084,2,11.2576,31.7414,,,,,,,,
RU39 RMI 2023 Fall Recovery,ru39-20231103T1413,recovery,RMI,12/5/23,20:20,39 30.667,74 12.273,RMI-RU-077,17,11.2508,31.7453,,,,,,,,
RU39 RMI 2023 Fall Recovery,ru39-20231103T1413,recovery,RMI,12/5/23,20:20,39 30.667,74 12.273,RMI-RU-078,17,11.2508,31.7453,,,,,,,,
RU39 RMI 2023 Fall Recovery,ru39-20231103T1413,recovery,RMI,12/5/23,20:20,39 30.667,74 12.273,RMI-RU-079,17,11.2508,31.7453,,,,,,,,
RU39 RMI 2023 Fall Recovery,ru39-20231103T1413,recovery,RMI,12/5/23,20:20,39 30.667,74 12.273,RMI-RU-080,17,11.2508,31.7453,,,,,,,,
RU39 RMI 2024 Winter Deployment,ru39-20240215T1646,deployment,RMI,2/15/24,17:15,40 12.814,73 52.391,RMI-RU-85,2,5.5242,30.4898,,,,,,,,
RU39 RMI 2024 Winter Deployment,ru39-20240215T1646,deployment,RMI,2/15/24,17:15,40 12.814,73 52.391,RMI-RU-86,2,5.5242,30.4898,,,,,,,,
RU39 RMI 2024 Winter Deployment,ru39-20240215T1646,deployment,RMI,2/15/24,17:24,40 12.697,73 52.419,RMI-RU-87,2,5.5242,30.4898,,,,,,,,
RU39 RMI 2024 Winter Deployment,ru39-20240215T1646,deployment,RMI,2/15/24,17:24,40 12.697,73 52.419,RMI-RU-88,2,5.5242,30.4898,,,,,,,,
RU39 RMI 2024 Winter Deployment,ru39-20240215T1646,deployment,RMI,2/15/24,17:40,40 12.562,73 52.437,RMI-RU-89,22,6.0523,31.2105,,,,,,,,
RU39 RMI 2024 Winter Deployment,ru39-20240215T1646,deployment,RMI,2/15/24,17:40,40 12.562,73 52.437,RMI-RU-90,22,6.0523,31.2105,,,,,,,,
RU39 RMI 2024 Winter Deployment,ru39-20240215T1646,deployment,RMI,2/15/24,17:46,40 12.508,73 52.448,RMI-RU-91,21,6.0353,31.1955,,,,,,,,
RU39 RMI 2024 Winter Deployment,ru39-20240215T1646,deployment,RMI,2/15/24,17:46,40 12.508,73 52.448,RMI-RU-92,21,6.0353,31.1955,,,,,,,,
RU39 RMI 2024 Winter Recovery,ru39-20240215T1646,recovery,RMI,3/14/24,17:35,,,RMI-RU-93,2,7.534,30.3085,,,,,,,,
RU39 RMI 2024 Winter Recovery,ru39-20240215T1646,recovery,RMI,3/14/24,17:35,,,RMI-RU-94,2,7.534,30.3085,,,,,,,,
RU39 RMI 2024 Winter Recovery,ru39-20240215T1646,recovery,RMI,3/14/24,17:45,,,RMI-RU-95,2,7.534,30.3085,,,,,,,,
RU39 RMI 2024 Winter Recovery,ru39-20240215T1646,recovery,RMI,3/14/24,17:45,,,RMI-RU-96,2,7.534,30.3085,,,,,,,,
RU39 RMI 2024 Winter Recovery,ru39-20240215T1646,recovery,RMI,3/14/24,17:55,39 10.189,74 9.740,RMI-RU-97,19,6.9392,31.2824,,,,,,,,
RU39 RMI 2024 Winter Recovery,ru39-20240215T1646,recovery,RMI,3/14/24,17:55,39 10.189,74 9.740,RMI-RU-98,19,6.9392,31.2824,,,,,,,,
RU39 RMI 2024 Winter Recovery,ru39-20240215T1646,recovery,RMI,3/14/24,18:12,39 10.189,74 9.740,RMI-RU-99,19,6.9392,31.2824,,,,,,,,
RU39 RMI 2024 Winter Recovery,ru39-20240215T1646,recovery,RMI,3/14/24,18:12,39 10.189,74 9.740,RMI-RU-100,19,6.9392,31.2824,,,,,,,,
RU39 RMI 2024 Spring Deployment,ru39-20240429T1522,deployment,RMI,4/29/24,16:24,40 15.739,73 53.152,RMI-RU-101,2,10.7458,29.1444,,,,,,,,
RU39 RMI 2024 Spring Deployment,ru39-20240429T1522,deployment,RMI,4/29/24,16:24,40 15.739,73 53.152,RMI-RU-102,2,10.7458,29.1444,,,,,,,,
RU39 RMI 2024 Spring Deployment,ru39-20240429T1522,deployment,RMI,4/29/24,16:24,40 15.739,73 53.152,RMI-RU-103,8,8.9088,29.9986,,,,,,,,
RU39 RMI 2024 Spring Deployment,ru39-20240429T1522,deployment,RMI,4/29/24,16:24,40 15.739,73 53.152,RMI-RU-104,8,8.9088,29.9986,,,,,,,,
RU39 RMI 2024 Spring Deployment,ru39-20240429T1522,deployment,RMI,4/29/24,16:24,40 15.739,73 53.152,RMI-RU-105,15,8.0295,31.03,,,,,,,,
RU39 RMI 2024 Spring Deployment,ru39-20240429T1522,deployment,RMI,4/29/24,16:24,40 15.739,73 53.152,RMI-RU-106,15,8.0298,31.03,,,,,,,,
RU39 RMI 2024 Spring Deployment,ru39-20240429T1522,deployment,RMI,4/29/24,16:46,40 15.817,73 53.171,RMI-RU-107,2,10.8029,29.1288,,,,,,,,
RU39 RMI 2024 Spring Deployment,ru39-20240429T1522,deployment,RMI,4/29/24,16:46,40 15.817,73 53.171,RMI-RU-108,2,10.8029,29.1288,,,,,,,,
RU39 RMI 2024 Spring Deployment,ru39-20240429T1522,deployment,RMI,4/29/24,16:46,40 15.817,73 53.171,RMI-RU-109,8,9.1433,29.8842,,,,,,,,
RU39 RMI 2024 Spring Deployment,ru39-20240429T1522,deployment,RMI,4/29/24,16:46,40 15.817,73 53.171,RMI-RU-110,8,9.1433,29.8842,,,,,,,,
RU39 RMI 2024 Spring Deployment,ru39-20240429T1522,deployment,RMI,4/29/24,16:46,40 15.817,73 53.171,RMI-RU-111,15,8.0449,31.0194,,,,,,,,
RU39 RMI 2024 Spring Deployment,ru39-20240429T1522,deployment,RMI,4/29/24,16:46,40 15.817,73 53.171,RMI-RU-112,15,8.0449,31.0194,,,,,,,,